22/08/2023,"-22.00","WWW.CIRCLES.LIFE NORTH SYDNEY NS AUS Card xx6363 Value Date: 18/08/2023","+2357.08"
22/08/2023,"-30.80","OLE BURGERS MATRAVILLE NS AUS Card xx6363 Value Date: 18/08/2023","+2379.08"
22/08/2023,"-169.80","COLES 0909 PAGEWOOD AU AUS Card xx6363 Value Date: 18/08/2023","+2409.88"
22/08/2023,"-2.50","UNSW VILLAGE PTY LTD SYDNEY AUS Card xx6363 Value Date: 19/08/2023","+2579.68"
22/08/2023,"-3.50","UNSW VILLAGE PTY LTD SYDNEY AUS Card xx6363 Value Date: 19/08/2023","+2582.18"
22/08/2023,"-10.00","TRANSPORTFORNSW OPAL CHIPPENDALE AUS Card xx6363 Value Date: 21/08/2023","+2585.68"
22/08/2023,"-10.00","TRANSPORTFORNSW OPAL CHIPPENDALE AUS Card xx6363 Value Date: 21/08/2023","+2595.68"
19/08/2023,"-39.92","IPY*UNSW FITNESS Kensington NS AUS Card xx6363 Value Date: 17/08/2023","+2605.68"
18/08/2023,"-5.99","Spotify P250C551B2 Sydney AU AUS Card xx6363 Value Date: 16/08/2023","+2645.60"
18/08/2023,"-17.10","IGA UNSW KENSINGTON AU AUS Card xx6363 Value Date: 16/08/2023","+2651.59"
17/08/2023,"-250.00","Direct Debit 184534 World Gym Moore A00BYLHR09YR","+2668.69"
16/08/2023,"-3.00","WOOLWORTHS 1412 EASTGARDENS AU AUS Card xx6363 Value Date: 11/08/2023","+2918.69"
16/08/2023,"-30.30","ZAMBRERO - OXFORD ST DARLINGHURST NS AUS Card xx6363 Value Date: 10/08/2023","+2921.69"
16/08/2023,"-17.60","BOOST JUICE PTY LTD CLAYTON VI AUS Card xx6363 Value Date: 11/08/2023","+2951.99"
16/08/2023,"-13.70","Guzman y Gomez UNSW Kensington NS AUS Card xx6363 Value Date: 11/08/2023","+2969.59"
16/08/2023,"-2.50","UNSW VILLAGE PTY LTD SYDNEY AUS Card xx6363 Value Date: 11/08/2023","+2983.29"
16/08/2023,"-7.30","IGA UNSW KENSINGTON AU AUS Card xx6363 Value Date: 13/08/2023","+2985.79"
16/08/2023,"-2.75","TRANSPORTFORNSW TAP SYDNEY AUS Card xx6363 Value Date: 12/08/2023","+2993.09"
16/08/2023,"-5.50","IGA UNSW KENSINGTON AU AUS Card xx6363 Value Date: 14/08/2023","+2995.84"
16/08/2023,"-718.00","UNSW RANDWICK NS AUS Card xx6363 Value Date: 14/08/2023","+3001.34"
16/08/2023,"-28.60","GUZMAN Y GOMEZ SURRY HILLS NS AUS Card xx6363 Value Date: 13/08/2023","+3719.34"
16/08/2023,"-177.76","SM.NORD* PRODUCTS LONDON LN GBR Card xx6363 AUD 177.76 Value Date: 14/08/2023","+3747.94"
16/08/2023,"-22.99","PLINE PH ESATGARDENS EASTGARDENS AUS Card xx6363 Value Date: 11/08/2023","+3925.70"
16/08/2023,"-9.80","GUZMAN Y GOMEZ SURRY HILLS NS AUS Card xx6363 Value Date: 14/08/2023","+3948.69"
16/08/2023,"-10.00","TRANSPORTFORNSW OPAL CHIPPENDALE AUS Card xx6363 Value Date: 14/08/2023","+3958.49"
15/08/2023,"-52.00","Direct Debit 342190 DESRENFORDLEISUR 519922634","+3968.49"
12/08/2023,"-3.93","TRANSPORTFORNSW TAP SYDNEY AUS Card xx6363 Value Date: 10/08/2023","+4020.49"
12/08/2023,"-10.00","TRANSPORTFORNSW OPAL CHIPPENDALE AUS Card xx6363 Value Date: 10/08/2023","+4024.42"
11/08/2023,"-13.50","COLES 0800 RANDWICK AU AUS Card xx6363 Value Date: 08/08/2023","+4034.42"
11/08/2023,"-3.93","TRANSPORTFORNSW TAP SYDNEY AUS Card xx6363 Value Date: 08/08/2023","+4047.92"
10/08/2023,"-23.95","Direct Debit 184534 World Gym Moore A00BX0PD09S6","+4051.85"
10/08/2023,"-9.99","AMAZON AU PRIME MEMBER SYDNEY AUS Card xx6363 Value Date: 09/08/2023","+4075.80"
09/08/2023,"-0.85","McDonalds 17 KINGSFORD AU AUS Card xx6363 Value Date: 06/08/2023","+4085.79"
09/08/2023,"-10.00","TRANSPORTFORNSW OPAL CHIPPENDALE AUS Card xx6363 Value Date: 08/08/2023","+4086.64"
08/08/2023,"+48.60","Direct Credit 507141 AlchemyTuition AlchemyTu_PPNVLBbu","+4096.64"
08/08/2023,"-21.66","WOOLWORTHS 1631 RANDWICK AU AUS Card xx6363 Value Date: 04/08/2023","+4048.04"
08/08/2023,"-2.50","UNSW VILLAGE PTY LTD SYDNEY AUS Card xx6363 Value Date: 04/08/2023","+4069.70"
08/08/2023,"-2.50","UNSW VILLAGE PTY LTD SYDNEY AUS Card xx6363 Value Date: 04/08/2023","+4072.20"
08/08/2023,"-3.50","UNSW VILLAGE PTY LTD SYDNEY AUS Card xx6363 Value Date: 04/08/2023","+4074.70"
08/08/2023,"-3.50","UNSW VILLAGE PTY LTD SYDNEY AUS Card xx6363 Value Date: 04/08/2023","+4078.20"
08/08/2023,"-1.78","WOOLWORTHS 1412 PAGEWOOD AU AUS Card xx6363 Value Date: 05/08/2023","+4081.70"
08/08/2023,"-6.60","IGA UNSW KENSINGTON AU AUS Card xx6363 Value Date: 04/08/2023","+4083.48"
08/08/2023,"-28.00","VISO FOODS PTY LTD EASTGARDENS NS AUS Card xx6363 Value Date: 05/08/2023","+4090.08"
07/08/2023,"+48.60","Direct Credit 507141 AlchemyTuition AlchemyTu_PP1GQ53q","+4118.08"
05/08/2023,"-67.01","Transfer To Emily CommBank App God damn youre hot","+4069.48"
04/08/2023,"+97.20","Direct Credit 507141 AlchemyTuition AlchemyTu_PNsak9pa","+4136.49"
03/08/2023,"-23.95","Direct Debit 184534 World Gym Moore A00BVBBW09XB","+4039.29"
03/08/2023,"-17.98","Dominos Estore Kensing dominos.com.a AU AUS Card xx6363 Value Date: 01/08/2023","+4063.24"
03/08/2023,"-59.25","COLES 0800 RANDWICK AU AUS Card xx6363 Value Date: 01/08/2023","+4081.22"
03/08/2023,"-2.00","AMPOL COOGEE 22399F COOGEE AUS Card xx6363 Value Date: 01/08/2023","+4140.47"
02/08/2023,"+863.62","Salary Hype Moore Park WAGES","+4142.47"
02/08/2023,"-32.55","EZI*Clublinks Manage Scoresby AU AUS Card xx6363 Value Date: 31/07/2023","+3278.85"
02/08/2023,"-28.60","GUZMAN Y GOMEZ SURRY HILLS NS AUS Card xx6363 Value Date: 31/07/2023","+3311.40"
02/08/2023,"-10.00","TRANSPORTFORNSW OPAL CHIPPENDALE AUS Card xx6363 Value Date: 01/08/2023","+3340.00"
01/08/2023,"-52.00","Direct Debit 342190 DESRENFORDLEISUR 516311524","+3350.00"
01/08/2023,"-2.75","TRANSPORTFORNSW TAP SYDNEY AUS Card xx6363 Value Date: 28/07/2023","+3402.00"
01/08/2023,"-15.00","SP HYPER KARTING BELLEVUE HILL NS AUS Card xx6363 Value Date: 29/07/2023","+3404.75"
01/08/2023,"-10.80","IGA UNSW KENSINGTON AU AUS Card xx6363 Value Date: 30/07/2023","+3419.75"
01/08/2023,"-8.99","IGA UNSW KENSINGTON AU AUS Card xx6363 Value Date: 30/07/2023","+3430.55"
01/08/2023,"-19.30","Jamaica Blue EQ Moore Park NS AUS Card xx6363 Value Date: 30/07/2023","+3439.54"
29/07/2023,"-17.60","BOOST JUICE PTY LTD CLAYTON VI AUS Card xx6363 Value Date: 27/07/2023","+3458.84"
29/07/2023,"-80.35","SNSW RANDWICK EASTGARDENS AUS Card xx6363 Value Date: 27/07/2023","+3476.44"
29/07/2023,"-36.00","EB GAMES PAGEWOOD AUS Card xx6363 Value Date: 27/07/2023","+3556.79"
29/07/2023,"-6.80","Transfer To Q DINH PayID Phone from CommBank App Jamaica Blue Josh","+3592.79"
28/07/2023,"-50.00","Transfer To Emily CommBank App food","+3599.59"
28/07/2023,"-0.98","International Transaction Fee Value Date: 26/07/2023","+3649.59"
28/07/2023,"-32.72","CHATGPT SUBSCRIPTION SAN FRANCISCO CA USA Card xx6363 USD 22.00 Value Date: 26/07/2023","+3650.57"
28/07/2023,"-3.49","IGA UNSW KENSINGTON AU AUS Card xx6363 Value Date: 26/07/2023","+3683.29"
28/07/2023,"-44.85","COLES 0800 RANDWICK AU AUS Card xx6363 Value Date: 25/07/2023","+3686.78"
28/07/2023,"-2.75","TRANSPORTFORNSW TAP SYDNEY AUS Card xx6363 Value Date: 25/07/2023","+3731.63"
28/07/2023,"-10.00","TRANSPORTFORNSW OPAL CHIPPENDALE AUS Card xx6363 Value Date: 27/07/2023","+3734.38"
27/07/2023,"-23.95","Direct Debit 184534 World Gym Moore A00BTM6D09MU","+3744.38"
27/07/2023,"-1.75","IGA UNSW KENSINGTON AU AUS Card xx6363 Value Date: 25/07/2023","+3768.33"
27/07/2023,"-2.50","UNSW VILLAGE PTY LTD SYDNEY AUS Card xx6363 Value Date: 25/07/2023","+3770.08"
27/07/2023,"-2.50","UNSW VILLAGE PTY LTD SYDNEY AUS Card xx6363 Value Date: 25/07/2023","+3772.58"
27/07/2023,"-3.50","UNSW VILLAGE PTY LTD SYDNEY AUS Card xx6363 Value Date: 25/07/2023","+3775.08"
27/07/2023,"-3.50","UNSW VILLAGE PTY LTD SYDNEY AUS Card xx6363 Value Date: 25/07/2023","+3778.58"
26/07/2023,"-18.27","CAFE2151 MOORE PARK NS AUS Card xx6363 Value Date: 23/07/2023","+3782.08"
26/07/2023,"-21.40","GUZMAN Y GOMEZ SURRY HILLS NS AUS Card xx6363 Value Date: 24/07/2023","+3800.35"
26/07/2023,"-10.00","TRANSPORTFORNSW OPAL CHIPPENDALE AUS Card xx6363 Value Date: 24/07/2023","+3821.75"
25/07/2023,"-18.60","GUZMAN Y GOMEZ SURRY HILLS NS AUS Card xx6363 Value Date: 21/07/2023","+3831.75"
25/07/2023,"-3.50","UNSW VILLAGE PTY LTD SYDNEY AUS Card xx6363 Value Date: 21/07/2023","+3850.35"
25/07/2023,"-3.93","TRANSPORTFORNSW TAP SYDNEY AUS Card xx6363 Value Date: 21/07/2023","+3853.85"
25/07/2023,"-10.00","Dominos Estore Kensing dominos.com.a AU AUS Card xx6363 Value Date: 22/07/2023","+3857.78"
25/07/2023,"-2.24","TRANSPORTFORNSW TAP SYDNEY AUS Card xx6363 Value Date: 23/07/2023","+3867.78"
24/07/2023,"+48.60","Direct Credit 507141 AlchemyTuition AlchemyTu_PJm65giX","+3870.02"
22/07/2023,"-8.50","Transfer To James CommBank App Almond croissant","+3821.42"
22/07/2023,"-5.00","UBER *TRIP Sydney AU AUS Card xx6363 Value Date: 20/07/2023","+3829.92"
22/07/2023,"-22.79","UBER *TRIP Sydney AU AUS Card xx6363 Value Date: 20/07/2023","+3834.92"
22/07/2023,"-5.00","UBER *TRIP Sydney AU AUS Card xx6363 Value Date: 20/07/2023","+3857.71"
22/07/2023,"-33.78","UBER *TRIP Sydney AU AUS Card xx6363 Value Date: 20/07/2023","+3862.71"
21/07/2023,"-22.00","WWW.CIRCLES.LIFE NORTH SYDNEY NS AUS Card xx6363 Value Date: 19/07/2023","+3896.49"
20/07/2023,"-23.95","Direct Debit 184534 World Gym Moore A00BRYNA09TF","+3918.49"
20/07/2023,"-18.50","BOOST JUICE PTY LTD CLAYTON VI AUS Card xx6363 Value Date: 18/07/2023","+3942.44"
20/07/2023,"-46.25","TARGET 5095 EASTGARDENS AU AUS Card xx6363 Value Date: 18/07/2023","+3960.94"
20/07/2023,"-49.85","COLES 0800 RANDWICK AU AUS Card xx6363 Value Date: 17/07/2023","+4007.19"
20/07/2023,"-10.00","TRANSPORTFORNSW OPAL CHIPPENDALE AUS Card xx6363 Value Date: 19/07/2023","+4057.04"
19/07/2023,"-10.00","Transfer To Jen UNSW Hall CommBank App Barbie ticket","+4067.04"
19/07/2023,"+97.20","Direct Credit 507141 AlchemyTuition AlchemyTu_PHsyUzxs","+4077.04"
19/07/2023,"+217.43","Fast Transfer From EMILY S PASHLEY Groceriesss","+3979.84"
19/07/2023,"-32.55","EZI*Clublinks Manage Scoresby AU AUS Card xx6363 Value Date: 17/07/2023","+3762.41"
19/07/2023,"-1718.00","UNSW RANDWICK NS AUS Card xx6363 Value Date: 15/07/2023","+3794.96"
19/07/2023,"-7.34","CAFE2151 MOORE PARK NS AUS Card xx6363 Value Date: 15/07/2023","+5512.96"
18/07/2023,"-52.00","Direct Debit 342190 DESRENFORDLEISUR 512779026","+5520.30"
18/07/2023,"+30.00","Fast Transfer From EMILY S PASHLEY Phone plan","+5572.30"
18/07/2023,"+80.00","Fast Transfer From EMILY S PASHLEY Pasta feast","+5542.30"
18/07/2023,"+1200.38","Salary Hype Moore Park WAGES","+5462.30"
18/07/2023,"-4.05","Side Bar Sydney NS AUS Card xx6363 Value Date: 14/07/2023","+4261.92"
18/07/2023,"-6.08","Side Bar Sydney NS AUS Card xx6363 Value Date: 14/07/2023","+4265.97"
18/07/2023,"-6.08","Side Bar Sydney NS AUS Card xx6363 Value Date: 14/07/2023","+4272.05"
18/07/2023,"-6.08","Side Bar Sydney NS AUS Card xx6363 Value Date: 14/07/2023","+4278.13"
18/07/2023,"-11.49","AMAZON MARKETPLACE AU SYDNEY SOUTH NS AUS Card xx6363 Value Date: 13/07/2023","+4284.21"
18/07/2023,"-12.80","Jamaica Blue EQ Moore Park NS AUS Card xx6363 Value Date: 15/07/2023","+4295.70"
18/07/2023,"-7.50","SP HYPER KARTING BELLEVUE HILL NS AUS Card xx6363 Value Date: 15/07/2023","+4308.50"
18/07/2023,"-2.50","UNSW VILLAGE PTY LTD SYDNEY AUS Card xx6363 Value Date: 15/07/2023","+4316.00"
18/07/2023,"-2.50","UNSW VILLAGE PTY LTD SYDNEY AUS Card xx6363 Value Date: 15/07/2023","+4318.50"
18/07/2023,"-3.50","UNSW VILLAGE PTY LTD SYDNEY AUS Card xx6363 Value Date: 15/07/2023","+4321.00"
18/07/2023,"-3.50","UNSW VILLAGE PTY LTD SYDNEY AUS Card xx6363 Value Date: 15/07/2023","+4324.50"
18/07/2023,"-10.50","IGA UNSW KENSINGTON AU AUS Card xx6363 Value Date: 16/07/2023","+4328.00"
18/07/2023,"-10.95","GEEKARNI PTY LTD WANAARING NS AUS Card xx6363 Value Date: 16/07/2023","+4338.50"
18/07/2023,"-5.99","Spotify P245DC84B7 Sydney AU AUS Card xx6363 Value Date: 16/07/2023","+4349.45"
18/07/2023,"-8.80","Jamaica Blue EQ Moore Park NS AUS Card xx6363 Value Date: 16/07/2023","+4355.44"
18/07/2023,"-2.24","TRANSPORTFORNSW TAP SYDNEY AUS Card xx6363 Value Date: 16/07/2023","+4364.24"
18/07/2023,"-10.00","TRANSPORTFORNSW OPAL CHIPPENDALE AUS Card xx6363 Value Date: 16/07/2023","+4366.48"
15/07/2023,"-22.80","WOOLWORTHS 1770 MATRAVILLE AU AUS Card xx6363 Value Date: 13/07/2023","+4376.48"
15/07/2023,"-80.00","SQ *FORTUNA DRINK AND Darlinghurst NS AUS Card xx6363 Value Date: 13/07/2023","+4399.28"
15/07/2023,"-2.75","TRANSPORTFORNSW TAP SYDNEY AUS Card xx6363 Value Date: 13/07/2023","+4479.28"
14/07/2023,"-15.50","VILLAGE AUBURN NS AUS Card xx6363 Value Date: 12/07/2023","+4482.03"
14/07/2023,"-3.93","TRANSPORTFORNSW TAP SYDNEY AUS Card xx6363 Value Date: 11/07/2023","+4497.53"
13/07/2023,"-23.95","Direct Debit 184534 World Gym Moore A00BQA7V09ST","+4501.46"
13/07/2023,"-30.00","Vodafone Australia North Sydney AU AUS Card xx6363 Value Date: 11/07/2023","+4525.41"
13/07/2023,"-32.40","GUZMAN Y GOMEZ SURRY HILLS NS AUS Card xx6363 Value Date: 11/07/2023","+4555.41"
13/07/2023,"-10.00","TRANSPORTFORNSW OPAL CHIPPENDALE AUS Card xx6363 Value Date: 12/07/2023","+4587.81"
12/07/2023,"-10.00","Transfer To UNSW HALL SOCIETY CommBank App Barbie Josh Caithness","+4597.81"
12/07/2023,"-73.37","WOOLWORTHS 1770 MATRAVILLE AU AUS Card xx6363 Value Date: 10/07/2023","+4607.81"
12/07/2023,"-14.62","CAFE2151 MOORE PARK NS AUS Card xx6363 Value Date: 08/07/2023","+4681.18"
12/07/2023,"-27.40","GUZMAN Y GOMEZ SURRY HILLS NS AUS Card xx6363 Value Date: 09/07/2023","+4695.80"
11/07/2023,"-5.09","EZYMART WYNYARD STATIO Sydney AU AUS Card xx6363 Value Date: 07/07/2023","+4723.20"
11/07/2023,"-3.99","IGA UNSW KENSINGTON AU AUS Card xx6363 Value Date: 08/07/2023","+4728.29"
11/07/2023,"-2.50","UNSW VILLAGE PTY LTD SYDNEY AUS Card xx6363 Value Date: 08/07/2023","+4732.28"
11/07/2023,"-3.50","UNSW VILLAGE PTY LTD SYDNEY AUS Card xx6363 Value Date: 08/07/2023","+4734.78"
11/07/2023,"-3.20","TRANSPORTFORNSW TAP SYDNEY AUS Card xx6363 Value Date: 08/07/2023","+4738.28"
11/07/2023,"-20.80","Jamaica Blue EQ Moore Park NS AUS Card xx6363 Value Date: 09/07/2023","+4741.48"
11/07/2023,"-10.00","TRANSPORTFORNSW OPAL CHIPPENDALE AUS Card xx6363 Value Date: 10/07/2023","+4762.28"
10/07/2023,"+45.80","Direct Credit 507141 AlchemyTuition AlchemyTu_PEVtNosT","+4772.28"
08/07/2023,"-99.00","Transfer To UNSW HALL SOCIETY CommBank App Hall Ball Josh Caithness","+4726.48"
08/07/2023,"+1718.00","Fast Transfer From PETER CAITHNESS J unsw board","+4825.48"
08/07/2023,"-318.23","TARONGA CONSERVATION S MOSMAN NS AUS Card xx6363 Value Date: 05/07/2023","+3107.48"
08/07/2023,"-30.10","GUZMAN Y GOMEZ SURRY HILLS NS AUS Card xx6363 Value Date: 06/07/2023","+3425.71"
07/07/2023,"+551.91","Salary Hype Moore Park WAGES","+3455.81"
07/07/2023,"-37.25","COLES 0800 RANDWICK AU AUS Card xx6363 Value Date: 05/07/2023","+2903.90"
07/07/2023,"-2.50","UNSW VILLAGE PTY LTD SYDNEY AUS Card xx6363 Value Date: 05/07/2023","+2941.15"
07/07/2023,"-3.50","UNSW VILLAGE PTY LTD SYDNEY AUS Card xx6363 Value Date: 04/07/2023","+2943.65"
07/07/2023,"-2.75","TRANSPORTFORNSW TAP SYDNEY AUS Card xx6363 Value Date: 04/07/2023","+2947.15"
07/07/2023,"-10.00","TRANSPORTFORNSW OPAL CHIPPENDALE AUS Card xx6363 Value Date: 06/07/2023","+2949.90"
06/07/2023,"-23.95","Direct Debit 184534 World Gym Moore A00BNKXK0AAG","+2959.90"
06/07/2023,"-70.81","Transfer To Ariana CommBank App Zoo reimbursement","+2983.85"
06/07/2023,"-1.25","IGA UNSW KENSINGTON AU AUS Card xx6363 Value Date: 04/07/2023","+3054.66"
06/07/2023,"-13.17","RIVARENO DARLINGHURST Darlinghurst NS AUS Card xx6363 Value Date: 04/07/2023","+3055.91"
06/07/2023,"-24.80","Zhangliang spicy hotp Haymarket NS AUS Card xx6363 Value Date: 04/07/2023","+3069.08"
05/07/2023,"-144.06","WOOLWORTHS 1770 MATRAVILLE AU AUS Card xx6363 Value Date: 03/07/2023","+3093.88"
05/07/2023,"-32.55","EZI*Clublinks Manage Scoresby AU AUS Card xx6363 Value Date: 03/07/2023","+3237.94"
05/07/2023,"-17.60","BOOST JUICE PTY LTD CLAYTON VI AUS Card xx6363 Value Date: 03/07/2023","+3270.49"
05/07/2023,"-14.50","VILLAGE AUBURN NS AUS Card xx6363 Value Date: 03/07/2023","+3288.09"
05/07/2023,"-0.85","MCDONALDS KINGSFORD KINGSFORD AUS Card xx6363 Value Date: 02/07/2023","+3302.59"
05/07/2023,"-35.00","GLUE EASTGARDENS EASTGARDENS AUS Card xx6363 Value Date: 03/07/2023","+3303.44"
04/07/2023,"-52.00","Direct Debit 342190 DESRENFORDLEISUR 509395575","+3338.44"
04/07/2023,"-13.20","IGA UNSW KENSINGTON AU AUS Card xx6363 Value Date: 29/06/2023","+3390.44"
04/07/2023,"-27.20","Jamaica Blue EQ Moore Park NS AUS Card xx6363 Value Date: 01/07/2023","+3403.64"
04/07/2023,"-20.95","GEEKARNI PTY LTD WANAARING NS AUS Card xx6363 Value Date: 02/07/2023","+3430.84"
04/07/2023,"-2.50","UNSW VILLAGE PTY LTD SYDNEY AUS Card xx6363 Value Date: 02/07/2023","+3451.79"
04/07/2023,"-3.50","UNSW VILLAGE PTY LTD SYDNEY AUS Card xx6363 Value Date: 02/07/2023","+3454.29"
04/07/2023,"-10.00","TRANSPORTFORNSW OPAL CHIPPENDALE AUS Card xx6363 Value Date: 03/07/2023","+3457.79"
01/07/2023,"-27.00","Guzman y Gomez UNSW Kensington NS AUS Card xx6363 Value Date: 29/06/2023","+3467.79"
01/07/2023,"-2.75","TRANSPORTFORNSW TAP SYDNEY AUS Card xx6363 Value Date: 29/06/2023","+3494.79"
30/06/2023,"+421.19","Salary Hype Moore Park WAGES","+3497.54"
30/06/2023,"+91.60","Direct Credit 507141 AlchemyTuition AlchemyTu_PAmeRM6K","+3076.35"
29/06/2023,"-23.95","Direct Debit 184534 World Gym Moore A00BLWRM09M8","+2984.75"
29/06/2023,"-12.00","Dominos Estore Kensing dominos.com.a AU AUS Card xx6363 Value Date: 27/06/2023","+3008.70"
29/06/2023,"-2.50","UNSW VILLAGE PTY LTD SYDNEY AUS Card xx6363 Value Date: 26/06/2023","+3020.70"
29/06/2023,"-3.50","UNSW VILLAGE PTY LTD SYDNEY AUS Card xx6363 Value Date: 26/06/2023","+3023.20"
29/06/2023,"-10.00","TRANSPORTFORNSW OPAL CHIPPENDALE AUS Card xx6363 Value Date: 27/06/2023","+3026.70"
28/06/2023,"-0.99","International Transaction Fee Value Date: 26/06/2023","+3036.70"
28/06/2023,"-33.03","CHATGPT SUBSCRIPTION SAN FRANCISCO CA USA Card xx6363 USD 22.00 Value Date: 26/06/2023","+3037.69"
28/06/2023,"-33.60","COLES 0800 RANDWICK AU AUS Card xx6363 Value Date: 26/06/2023","+3070.72"
28/06/2023,"-2.85","IGA UNSW KENSINGTON AU AUS Card xx6363 Value Date: 26/06/2023","+3104.32"
28/06/2023,"-10.00","TRANSPORTFORNSW OPAL CHIPPENDALE AUS Card xx6363 Value Date: 27/06/2023","+3107.17"
27/06/2023,"-66.50","KMART 1127 PAGEWOOD AU AUS Card xx6363 Value Date: 23/06/2023","+3117.17"
27/06/2023,"-14.40","GUZMAN Y GOMEZ SURRY HILLS NS AUS Card xx6363 Value Date: 23/06/2023","+3183.67"
27/06/2023,"-11.25","Dominos Estore Kensing dominos.com.a AU AUS Card xx6363 Value Date: 24/06/2023","+3198.07"
27/06/2023,"-3.95","IGA UNSW KENSINGTON AU AUS Card xx6363 Value Date: 24/06/2023","+3209.32"
27/06/2023,"-15.00","SKYZONE AUSTRALIA P/ ALEXANDRIA NS AUS Card xx6363 Value Date: 23/06/2023","+3213.27"
27/06/2023,"-54.99","REBEL EASTGARDENS PAGEWOOD NS AUS Card xx6363 Value Date: 23/06/2023","+3228.27"
27/06/2023,"-3.50","UNSW VILLAGE PTY LTD SYDNEY AUS Card xx6363 Value Date: 24/06/2023","+3283.26"
27/06/2023,"-5.70","IGA UNSW KENSINGTON AU AUS Card xx6363 Value Date: 25/06/2023","+3286.76"
27/06/2023,"-8.40","Jamaica Blue EQ Moore Park NS AUS Card xx6363 Value Date: 25/06/2023","+3292.46"
27/06/2023,"-2.50","UNSW VILLAGE PTY LTD SYDNEY AUS Card xx6363 Value Date: 24/06/2023","+3300.86"
24/06/2023,"-40.75","COLES 0800 RANDWICK AU AUS Card xx6363 Value Date: 21/06/2023","+3303.36"
24/06/2023,"-2.75","TRANSPORTFORNSW TAP SYDNEY AUS Card xx6363 Value Date: 22/06/2023","+3344.11"
24/06/2023,"-2.24","TRANSPORTFORNSW TAP SYDNEY AUS Card xx6363 Value Date: 22/06/2023","+3346.86"
24/06/2023,"-19.14","TRANSPORTFORNSW TAP SYDNEY AUS Card xx6363 Value Date: 22/06/2023","+3349.10"
24/06/2023,"-10.00","TRANSPORTFORNSW OPAL CHIPPENDALE AUS Card xx6363 Value Date: 23/06/2023","+3368.24"
23/06/2023,"-15.00","Transfer To UNSW HALL SOCIETY CommBank App Josh Caithness Holey Mol...","+3378.24"
23/06/2023,"-3.20","Krispy Kreme T2 Mascot NS AUS Card xx6363 Value Date: 20/06/2023","+3393.24"
22/06/2023,"-23.95","Direct Debit 184534 World Gym Moore A00BK0DP09SB","+3396.44"
22/06/2023,"-5.00","IGA UNSW KENSINGTON AU AUS Card xx6363 Value Date: 20/06/2023","+3420.39"
21/06/2023,"+34.35","Direct Credit 507141 AlchemyTuition AlchemyTu_P7Pevytf","+3425.39"
21/06/2023,"-32.55","EZI*Clublinks Manage Scoresby AU AUS Card xx6363 Value Date: 19/06/2023","+3391.04"
21/06/2023,"-5.00","IGA UNSW KENSINGTON AU AUS Card xx6363 Value Date: 19/06/2023","+3423.59"
21/06/2023,"-27.06","WWW.CIRCLES.LIFE NORTH SYDNEY NS AUS Card xx6363 Value Date: 19/06/2023","+3428.59"
21/06/2023,"-1718.00","UNSW RANDWICK NS AUS Card xx6363 Value Date: 18/06/2023","+3455.65"
21/06/2023,"-29.80","OLE BURGERS MATRAVILLE NS AUS Card xx6363 Value Date: 19/06/2023","+5173.65"
21/06/2023,"-2.24","TRANSPORTFORNSW TAP SYDNEY AUS Card xx6363 Value Date: 19/06/2023","+5203.45"
21/06/2023,"-5.00","TRANSPORTFORNSW OPAL CHIPPENDALE AUS Card xx6363 Value Date: 20/06/2023","+5205.69"
20/06/2023,"-52.00","Direct Debit 342190 DESRENFORDLEISUR 505882572","+5210.69"
20/06/2023,"-3.99","IGA UNSW KENSINGTON AU AUS Card xx6363 Value Date: 16/06/2023","+5262.69"
20/06/2023,"-6.29","IGA UNSW KENSINGTON AU AUS Card xx6363 Value Date: 16/06/2023","+5266.68"
20/06/2023,"-5.99","Spotify P23BC673C6 Sydney AU AUS Card xx6363 Value Date: 16/06/2023","+5272.97"
20/06/2023,"-2.50","UNSW VILLAGE PTY LTD SYDNEY AUS Card xx6363 Value Date: 16/06/2023","+5278.96"
20/06/2023,"-3.50","UNSW VILLAGE PTY LTD SYDNEY AUS Card xx6363 Value Date: 16/06/2023","+5281.46"
20/06/2023,"-6.80","Jamaica Blue EQ Moore Park NS AUS Card xx6363 Value Date: 17/06/2023","+5284.96"
20/06/2023,"-165.78","SP SHOPIFY ASN ORMEAU QL AUS Card xx6363 Value Date: 17/06/2023","+5291.76"
20/06/2023,"-16.80","BOOST JUICE PTY LTD CLAYTON VI AUS Card xx6363 Value Date: 18/06/2023","+5457.54"
20/06/2023,"-12.72","Jamaica Blue EQ Moore Park NS AUS Card xx6363 Value Date: 18/06/2023","+5474.34"
20/06/2023,"-5.00","TRANSPORTFORNSW OPAL CHIPPENDALE AUS Card xx6363 Value Date: 17/06/2023","+5487.06"
19/06/2023,"+1192.32","Salary Hype Moore Park WAGES","+5492.06"
19/06/2023,"+110.52","Direct Credit 106600 EMILY S PASHLEY Pre workout","+4299.74"
19/06/2023,"+2147.60","Direct Credit 610388 Superhero T7309077-945011","+4189.22"
18/06/2023,"+1052.00","Transfer from CBA NetBank minigolficeskating","+2041.62"
18/06/2023,"+350.00","Fast Transfer From PETER CAITHNESS J unsw board","+989.62"
17/06/2023,"-2.75","TRANSPORTFORNSW TAP SYDNEY AUS Card xx6363 Value Date: 15/06/2023","+639.62"
16/06/2023,"-500.00","SKY ZONE AUSTRALIA ABBOTSFORD VI AUS Card xx6363 Value Date: 14/06/2023","+642.37"
16/06/2023,"-5.00","TRANSPORTFORNSW OPAL CHIPPENDALE AUS Card xx6363 Value Date: 14/06/2023","+1142.37"
15/06/2023,"-23.95","Direct Debit 184534 World Gym Moore A00BGC7409Y0","+1147.37"
15/06/2023,"-17.31","IGA UNSW KENSINGTON AU AUS Card xx6363 Value Date: 13/06/2023","+1171.32"
14/06/2023,"-14.40","GUZMAN Y GOMEZ SURRY HILLS NS AUS Card xx6363 Value Date: 11/06/2023","+1188.63"
14/06/2023,"-8.50","JB Bondi Junction Bondi Junctio NS AUS Card xx6363 Value Date: 12/06/2023","+1203.03"
14/06/2023,"-30.80","OLE BURGERS MATRAVILLE NS AUS Card xx6363 Value Date: 12/06/2023","+1211.53"
14/06/2023,"-552.00","ICE ZOO SYDNEY ALEXANDRIA NS AUS Card xx6363 Value Date: 10/06/2023","+1242.33"
13/06/2023,"-15.50","VILLAGE AUBURN NS AUS Card xx6363 Value Date: 09/06/2023","+1794.33"
13/06/2023,"-14.40","GUZMAN Y GOMEZ SURRY HILLS NS AUS Card xx6363 Value Date: 09/06/2023","+1809.83"
13/06/2023,"-16.95","GEEKARNI PTY LTD WANAARING NS AUS Card xx6363 Value Date: 10/06/2023","+1824.23"
13/06/2023,"-2.40","IGA UNSW KENSINGTON AU AUS Card xx6363 Value Date: 10/06/2023","+1841.18"
13/06/2023,"-5.00","TRANSPORTFORNSW OPAL CHIPPENDALE AUS Card xx6363 Value Date: 10/06/2023","+1843.58"
13/06/2023,"-5.00","TRANSPORTFORNSW OPAL CHIPPENDALE AUS Card xx6363 Value Date: 10/06/2023","+1848.58"
10/06/2023,"-10.00","Transfer To UNSW HALL SOCIETY CommBank App Josh Caithness Ice Skati...","+1853.58"
10/06/2023,"-14.25","STEAM PURCHASE SEATTLE HH DEU Card xx6363 AUD 14.25 Value Date: 06/06/2023","+1863.58"
10/06/2023,"-25.00","Streamotion Pty Ltd North Ryde AU AUS Card xx6363 Value Date: 08/06/2023","+1877.83"
09/06/2023,"+45.80","Direct Credit 507141 AlchemyTuition AlchemyTu_P2twxPDp","+1902.83"
09/06/2023,"-1.25","IGA UNSW KENSINGTON AU AUS Card xx6363 Value Date: 07/06/2023","+1857.03"
09/06/2023,"-548.00","Ritz Cinemas Elsternwick AUS Card xx6363 Value Date: 06/06/2023","+1858.28"
09/06/2023,"-680.00","Ritz Cinemas Elsternwick AUS Card xx6363 Value Date: 06/06/2023","+2406.28"
09/06/2023,"-2.50","UNSW VILLAGE PTY LTD SYDNEY AUS Card xx6363 Value Date: 07/06/2023","+3086.28"
09/06/2023,"-3.50","UNSW VILLAGE PTY LTD SYDNEY AUS Card xx6363 Value Date: 07/06/2023","+3088.78"
09/06/2023,"-5.00","TRANSPORTFORNSW OPAL CHIPPENDALE AUS Card xx6363 Value Date: 08/06/2023","+3092.28"
08/06/2023,"-23.95","Direct Debit 184534 World Gym Moore A00BESPV09YG","+3097.28"
08/06/2023,"-1.10","IGA UNSW KENSINGTON AU AUS Card xx6363 Value Date: 06/06/2023","+3121.23"
08/06/2023,"-13.20","GUZMAN Y GOMEZ SURRY HILLS NS AUS Card xx6363 Value Date: 06/06/2023","+3122.33"
07/06/2023,"+45.80","Direct Credit 507141 AlchemyTuition AlchemyTu_P29UQV9Z","+3135.53"
07/06/2023,"-32.55","EZI*Clublinks Manage Scoresby AU AUS Card xx6363 Value Date: 05/06/2023","+3089.73"
07/06/2023,"-5.00","TRANSPORTFORNSW OPAL CHIPPENDALE AUS Card xx6363 Value Date: 06/06/2023","+3122.28"
06/06/2023,"+1228.00","Transfer from CBA NetBank Barbie Movie Event","+3127.28"
06/06/2023,"+595.00","Transfer from CBA NetBank bowling tickets T1","+1899.28"
06/06/2023,"-52.00","Direct Debit 342190 DESRENFORDLEISUR 502282859","+1304.28"
06/06/2023,"+851.15","Salary Hype Moore Park WAGES","+1356.28"
06/06/2023,"-7.75","IGA UNSW KENSINGTON AU AUS Card xx6363 Value Date: 02/06/2023","+505.13"
06/06/2023,"-28.19","AMAZON MARKETPLACE AU SYDNEY SOUTH NS AUS Card xx6363 Value Date: 02/06/2023","+512.88"
06/06/2023,"-2.25","SP HYPER KARTING BELLEVUE HILL NS AUS Card xx6363 Value Date: 03/06/2023","+541.07"
06/06/2023,"-14.00","Dominos Estore Kensing dominos.com.a AU AUS Card xx6363 Value Date: 03/06/2023","+543.32"
06/06/2023,"-2.00","WOOLWORTHS 1412 EASTGARDENS AU AUS Card xx6363 Value Date: 04/06/2023","+557.32"
06/06/2023,"-2.50","IGA UNSW KENSINGTON AU AUS Card xx6363 Value Date: 04/06/2023","+559.32"
05/06/2023,"+45.80","Direct Credit 507141 AlchemyTuition AlchemyTu_P1P2DY9j","+561.82"
03/06/2023,"-14.40","GUZMAN Y GOMEZ SURRY HILLS NS AUS Card xx6363 Value Date: 01/06/2023","+516.02"
03/06/2023,"-3.20","TRANSPORTFORNSW TAP SYDNEY AUS Card xx6363 Value Date: 01/06/2023","+530.42"
02/06/2023,"-2.50","UNSW VILLAGE PTY LTD SYDNEY AUS Card xx6363 Value Date: 31/05/2023","+533.62"
02/06/2023,"-2.50","UNSW VILLAGE PTY LTD SYDNEY AUS Card xx6363 Value Date: 31/05/2023","+536.12"
02/06/2023,"-3.50","UNSW VILLAGE PTY LTD SYDNEY AUS Card xx6363 Value Date: 31/05/2023","+538.62"
02/06/2023,"-3.50","UNSW VILLAGE PTY LTD SYDNEY AUS Card xx6363 Value Date: 31/05/2023","+542.12"
02/06/2023,"-10.00","TRANSPORTFORNSW OPAL CHIPPENDALE AUS Card xx6363 Value Date: 01/06/2023","+545.62"
01/06/2023,"-23.95","Direct Debit 184534 World Gym Moore A00BD6DW0BGC","+555.62"
01/06/2023,"+45.80","Direct Credit 507141 AlchemyTuition AlchemyTu_Nzu5KCbG","+579.57"
01/06/2023,"-2.85","IGA UNSW KENSINGTON AU AUS Card xx6363 Value Date: 30/05/2023","+533.77"
31/05/2023,"-10.79","IGA UNSW KENSINGTON AU AUS Card xx6363 Value Date: 29/05/2023","+536.62"
31/05/2023,"-8.12","CAFE2151 MOORE PARK NS AUS Card xx6363 Value Date: 28/05/2023","+547.41"
31/05/2023,"-2.25","SP HYPER KARTING BELLEVUE HILL NS AUS Card xx6363 Value Date: 29/05/2023","+555.53"
31/05/2023,"-5.00","TRANSPORTFORNSW OPAL CHIPPENDALE AUS Card xx6363 Value Date: 30/05/2023","+557.78"
30/05/2023,"-1.02","International Transaction Fee Value Date: 26/05/2023","+562.78"
30/05/2023,"-33.85","CHATGPT SUBSCRIPTION SAN FRANCISCO CA USA Card xx6363 USD 22.00 Value Date: 26/05/2023","+563.80"
30/05/2023,"-26.42","WWW.MERIVALE.COM* ME&U SYDNEY NS AUS Card xx6363 Value Date: 26/05/2023","+597.65"
30/05/2023,"-45.65","The Beresford Surry Hills NS AUS Card xx6363 Value Date: 26/05/2023","+624.07"
30/05/2023,"-22.60","The Beresford Surry Hills NS AUS Card xx6363 Value Date: 26/05/2023","+669.72"
30/05/2023,"-16.00","The Beresford Surry Hills NS AUS Card xx6363 Value Date: 26/05/2023","+692.32"
30/05/2023,"-28.00","The Beresford Surry Hills NS AUS Card xx6363 Value Date: 26/05/2023","+708.32"
30/05/2023,"-2.00","WW METRO 1256 SURRY HILLS AU AUS Card xx6363 Value Date: 26/05/2023","+736.32"
30/05/2023,"-5.05","TRANSPORTFORNSW TAP SYDNEY AUS Card xx6363 Value Date: 27/05/2023","+738.32"
30/05/2023,"-12.80","Jamaica Blue EQ Moore Park NS AUS Card xx6363 Value Date: 28/05/2023","+743.37"
30/05/2023,"-5.00","TRANSPORTFORNSW OPAL CHIPPENDALE AUS Card xx6363 Value Date: 27/05/2023","+756.17"
27/05/2023,"-3.25","COLES 0800 RANDWICK AU AUS Card xx6363 Value Date: 25/05/2023","+761.17"
27/05/2023,"-8.25","IGA UNSW KENSINGTON AU AUS Card xx6363 Value Date: 24/05/2023","+764.42"
27/05/2023,"-8.80","BOOST JUICE PTY LTD CLAYTON VI AUS Card xx6363 Value Date: 25/05/2023","+772.67"
27/05/2023,"-45.00","KMART 1127 PAGEWOOD AU AUS Card xx6363 Value Date: 25/05/2023","+781.47"
27/05/2023,"-7.40","GUZMAN Y GOMEZ SURRY HILLS NS AUS Card xx6363 Value Date: 25/05/2023","+826.47"
27/05/2023,"-12.49","TRANSPORTFORNSW TAP SYDNEY AUS Card xx6363 Value Date: 25/05/2023","+833.87"
27/05/2023,"-5.00","TRANSPORTFORNSW OPAL CHIPPENDALE AUS Card xx6363 Value Date: 26/05/2023","+846.36"
26/05/2023,"-12.50","Transfer To Emily CommBank App Piiiizzzzzza","+851.36"
26/05/2023,"-21.98","WHS MELT4 AIRSIDE S3 TULLAMARINE AU AUS Card xx6363 Value Date: 23/05/2023","+863.86"
26/05/2023,"-25.00","SOUTH PACIFIC HEALTH HAWTHORN VI AUS Card xx6363 Value Date: 23/05/2023","+885.84"
26/05/2023,"-2.50","UNSW VILLAGE PTY LTD SYDNEY AUS Card xx6363 Value Date: 24/05/2023","+910.84"
26/05/2023,"-3.50","UNSW VILLAGE PTY LTD SYDNEY AUS Card xx6363 Value Date: 24/05/2023","+913.34"
26/05/2023,"-5.00","TRANSPORTFORNSW OPAL CHIPPENDALE AUS Card xx6363 Value Date: 25/05/2023","+916.84"
25/05/2023,"-23.95","Direct Debit 184534 World Gym Moore A00BBD3009WF","+921.84"
25/05/2023,"-13.17","RIVARENO DARLINGHURST Darlinghurst NS AUS Card xx6363 Value Date: 23/05/2023","+945.79"
25/05/2023,"-5.48","CHEMIST WAREHOUSE DOCKLANDS VI AUS Card xx6363 Value Date: 22/05/2023","+958.96"
25/05/2023,"-41.56","UNION HOTEL WINDSOR VI AUS Card xx6363 Value Date: 22/05/2023","+964.44"
25/05/2023,"-3.20","Krispy Kreme VIC Colli Melbourne VI AUS Card xx6363 Value Date: 22/05/2023","+1006.00"
25/05/2023,"-3.20","Krispy Kreme VIC Colli Melbourne VI AUS Card xx6363 Value Date: 22/05/2023","+1009.20"
25/05/2023,"-4.00","DOMINOS FLINDERS ST MELBOURNE VI AUS Card xx6363 Value Date: 22/05/2023","+1012.40"
25/05/2023,"-10.00","TRANSPORTFORNSW OPAL CHIPPENDALE AUS Card xx6363 Value Date: 23/05/2023","+1016.40"
24/05/2023,"-2.00","WW METRO 3089 DOCKLANDS AU AUS Card xx6363 Value Date: 22/05/2023","+1026.40"
24/05/2023,"-32.55","EZI*Clublinks Manage Scoresby AU AUS Card xx6363 Value Date: 22/05/2023","+1028.40"
24/05/2023,"-1718.00","UNSW RANDWICK NS AUS Card xx6363 Value Date: 21/05/2023","+1060.95"
24/05/2023,"-6.95","KFC*Sale kfc.com.au NS AUS Card xx6363 Value Date: 21/05/2023","+2778.95"
24/05/2023,"-17.55","Hungry Jacks Melbourne (So AU AUS Card xx6363 Value Date: 22/05/2023","+2785.90"
24/05/2023,"-16.00","stan.com.au Sydney AU AUS Card xx6363 Value Date: 22/05/2023","+2803.45"
24/05/2023,"+89.95","Return ANYTIME SALE SALE AUS Card xx6363 Value Date: 22/05/2023","+2819.45"
23/05/2023,"-22.29","Direct Debit 342190 DESRENFORDLEISUR 498334383","+2729.50"
23/05/2023,"+516.90","Salary Hype Moore Park WAGES","+2751.79"
23/05/2023,"-25.00","SOUTH PACIFIC HEALTH HAWTHORN VI AUS Card xx6363 Value Date: 18/05/2023","+2234.89"
23/05/2023,"-3.70","WOOLWORTHS 3213 SALE AU AUS Card xx6363 Value Date: 19/05/2023","+2259.89"
23/05/2023,"-14.00","Subway Tooronga Glen Iris VI AUS Card xx6363 Value Date: 18/05/2023","+2263.59"
23/05/2023,"-89.95","ANYTIME SALE SALE AUS Card xx6363 Value Date: 19/05/2023","+2277.59"
23/05/2023,"-40.00","ANYTIME SALE SALE AUS Card xx6363 Value Date: 19/05/2023","+2367.54"
21/05/2023,"+900.00","Fast Transfer From LEANNE CAITHNESS Half of Josh's rent","+2407.54"
20/05/2023,"-25.00","SOUTH PACIFIC HEALTH HAWTHORN VI AUS Card xx6363 Value Date: 17/05/2023","+1507.54"
20/05/2023,"-7.73","CHEMIST WAREHOUSE HAWTHORN EAST VI AUS Card xx6363 Value Date: 18/05/2023","+1532.54"
20/05/2023,"-6.00","SQ *THE COOKIE BOX AU Windsor VI AUS Card xx6363 Value Date: 18/05/2023","+1540.27"
20/05/2023,"-24.90","ZONE BOWLING CLAYTON AUS Card xx6363 Value Date: 17/05/2023","+1546.27"
19/05/2023,"-3.20","Krispy Kreme T2 Mascot NS AUS Card xx6363 Value Date: 16/05/2023","+1571.17"
19/05/2023,"-16.00","MYKI STHRNCRSS RS SST MELBOURNE AUS Card xx6363 Value Date: 16/05/2023","+1574.37"
19/05/2023,"-3.98","COSTCO WHOLESALE AUSTR MOORABBIN AIR AUS Card xx6363 Value Date: 17/05/2023","+1590.37"
19/05/2023,"-7.79","COSTCO WHOLESALE AUS MOORABBIN AIR AUS Card xx6363 Value Date: 17/05/2023","+1594.35"
18/05/2023,"-23.95","Direct Debit 184534 World Gym Moore A00B9VGZ09KL","+1602.14"
18/05/2023,"-10.80","IGA UNSW KENSINGTON AU AUS Card xx6363 Value Date: 15/05/2023","+1626.09"
18/05/2023,"-8.00","7-ELEVEN 1292 HAWTHORN EAST VI AUS Card xx6363 Value Date: 16/05/2023","+1636.89"
18/05/2023,"-5.99","Spotify P2319EC867 Sydney AU AUS Card xx6363 Value Date: 16/05/2023","+1644.89"
18/05/2023,"-9.62","Boost Melb Airport T4 Tullamarine VI AUS Card xx6363 Value Date: 16/05/2023","+1650.88"
18/05/2023,"-7.60","VELOCE EXPRESSO PL MASCOT NS AUS Card xx6363 Value Date: 16/05/2023","+1660.50"
18/05/2023,"-2.50","UNSW VILLAGE PTY LTD SYDNEY AUS Card xx6363 Value Date: 16/05/2023","+1668.10"
18/05/2023,"-3.50","UNSW VILLAGE PTY LTD SYDNEY AUS Card xx6363 Value Date: 16/05/2023","+1670.60"
18/05/2023,"-34.00","SKYBUS COACH SERVICQPS MELBOURNE AIR AUS Card xx6363 Value Date: 16/05/2023","+1674.10"
17/05/2023,"+7.80","Fast Transfer From S HERZOG There ya go","+1708.10"
17/05/2023,"-5.34","Transfer To Darren CommBank App Da Chonky Pizzarooni","+1700.30"
17/05/2023,"-29.60","GUZMAN Y GOMEZ SURRY HILLS NS AUS Card xx6363 Value Date: 14/05/2023","+1705.64"
17/05/2023,"-2.50","UNSW VILLAGE PTY LTD SYDNEY AUS Card xx6363 Value Date: 15/05/2023","+1735.24"
17/05/2023,"-3.50","UNSW VILLAGE PTY LTD SYDNEY AUS Card xx6363 Value Date: 15/05/2023","+1737.74"
17/05/2023,"-10.00","TRANSPORTFORNSW OPAL CHIPPENDALE AUS Card xx6363 Value Date: 16/05/2023","+1741.24"
16/05/2023,"-58.48","SOUTHPOINT PHARMACY HILLSDALE NS AUS Card xx6363 Value Date: 11/05/2023","+1751.24"
16/05/2023,"-2.24","TRANSPORTFORNSW TAP SYDNEY AUS Card xx6363 Value Date: 12/05/2023","+1809.72"
16/05/2023,"-11.25","Dominos Estore Kensing dominos.com.a AU AUS Card xx6363 Value Date: 13/05/2023","+1811.96"
16/05/2023,"-2.50","UNSW VILLAGE PTY LTD SYDNEY AUS Card xx6363 Value Date: 13/05/2023","+1823.21"
16/05/2023,"-3.50","UNSW VILLAGE PTY LTD SYDNEY AUS Card xx6363 Value Date: 13/05/2023","+1825.71"
16/05/2023,"-3.50","UNSW VILLAGE PTY LTD SYDNEY AUS Card xx6363 Value Date: 13/05/2023","+1829.21"
16/05/2023,"-3.93","TRANSPORTFORNSW TAP SYDNEY AUS Card xx6363 Value Date: 13/05/2023","+1832.71"
16/05/2023,"-1.50","7-ELEVEN 2235 KENSINGTON NS AUS Card xx6363 Value Date: 13/05/2023","+1836.64"
16/05/2023,"-6.80","Jamaica Blue EQ Moore Park NS AUS Card xx6363 Value Date: 14/05/2023","+1838.14"
16/05/2023,"-2.50","UNSW VILLAGE PTY LTD SYDNEY AUS Card xx6363 Value Date: 14/05/2023","+1844.94"
16/05/2023,"-3.50","UNSW VILLAGE PTY LTD SYDNEY AUS Card xx6363 Value Date: 14/05/2023","+1847.44"
15/05/2023,"+91.60","Direct Credit 507141 AlchemyTuition AlchemyTu_NtXGZ9JU","+1850.94"
15/05/2023,"+6.00","Fast Transfer From JAMES NATUKOKONA laundry","+1759.34"
13/05/2023,"-17.21","WOOLWORTHS 1231 HILLSDALE AU AUS Card xx6363 Value Date: 11/05/2023","+1753.34"
13/05/2023,"-10.00","WOOLWORTHS 1231 HILLSDALE AU AUS Card xx6363 Value Date: 11/05/2023","+1770.55"
13/05/2023,"-16.20","Subway Eastgardens Eastgardens NS AUS Card xx6363 Value Date: 10/05/2023","+1780.55"
13/05/2023,"-84.95","RETAIL PRODIGY OPS PL EASTGARDENS AUS Card xx6363 Value Date: 10/05/2023","+1796.75"
13/05/2023,"-8.00","BREAD BARN BAKERY HILLSDALE AUS Card xx6363 Value Date: 11/05/2023","+1881.70"
12/05/2023,"-27.99","Bonds Eastgardens AU AUS Card xx6363 Value Date: 10/05/2023","+1889.70"
12/05/2023,"-8.45","COLES 0909 PAGEWOOD AU AUS Card xx6363 Value Date: 10/05/2023","+1917.69"
11/05/2023,"-23.95","Direct Debit 184534 World Gym Moore A00B87G50A0A","+1926.14"
11/05/2023,"-281.25","GYMSHARK SOLIHULL EN GBR Card xx6363 AUD 281.25 Value Date: 08/05/2023","+1950.09"
11/05/2023,"-18.50","VILLAGE AUBURN NS AUS Card xx6363 Value Date: 09/05/2023","+2231.34"
11/05/2023,"-5.00","TRANSPORTFORNSW OPAL CHIPPENDALE AUS Card xx6363 Value Date: 10/05/2023","+2249.84"
11/05/2023,"-5.00","TRANSPORTFORNSW OPAL CHIPPENDALE AUS Card xx6363 Value Date: 10/05/2023","+2254.84"
10/05/2023,"+43.00","Direct Credit 507141 AlchemyTuition AlchemyTu_Nrf9TdFa","+2259.84"
10/05/2023,"-32.55","EZI*Clublinks Manage Scoresby AU AUS Card xx6363 Value Date: 08/05/2023","+2216.84"
09/05/2023,"-52.00","Direct Debit 342190 DESRENFORDLEISUR 494604618","+2249.39"
09/05/2023,"-25.00","MED*ALDIMobile CHATSWOOD AU AUS Card xx6363 Value Date: 05/05/2023","+2301.39"
09/05/2023,"-2.50","UNSW VILLAGE PTY LTD SYDNEY AUS Card xx6363 Value Date: 05/05/2023","+2326.39"
09/05/2023,"-3.50","UNSW VILLAGE PTY LTD SYDNEY AUS Card xx6363 Value Date: 05/05/2023","+2328.89"
09/05/2023,"-3.93","TRANSPORTFORNSW TAP SYDNEY AUS Card xx6363 Value Date: 05/05/2023","+2332.39"
09/05/2023,"-12.25","Dominos Estore Kensing dominos.com.a AU AUS Card xx6363 Value Date: 06/05/2023","+2336.32"
09/05/2023,"-8.48","IGA UNSW KENSINGTON AU AUS Card xx6363 Value Date: 06/05/2023","+2348.57"
09/05/2023,"-13.54","IGA UNSW KENSINGTON AU AUS Card xx6363 Value Date: 06/05/2023","+2357.05"
09/05/2023,"-15.95","GEEKARNI PTY LTD WANAARING NS AUS Card xx6363 Value Date: 07/05/2023","+2370.59"
09/05/2023,"-5.00","TRANSPORTFORNSW OPAL CHIPPENDALE AUS Card xx6363 Value Date: 06/05/2023","+2386.54"
09/05/2023,"-5.00","TRANSPORTFORNSW OPAL CHIPPENDALE AUS Card xx6363 Value Date: 08/05/2023","+2391.54"
08/05/2023,"+460.76","Salary Hype Moore Park WAGES","+2396.54"
06/05/2023,"-176.00","ZAHLI RESTAURANT SURRY HILLS NS AUS Card xx6363 Value Date: 04/05/2023","+1935.78"
05/05/2023,"-50.00","Cardless Cash for collection Haircut","+2111.78"
05/05/2023,"-153.49","JETSTARPGKCHI COLLINGWOOD VI AUS Card xx6363 Value Date: 02/05/2023","+2161.78"
05/05/2023,"-10.00","TRANSPORTFORNSW OPAL CHIPPENDALE AUS Card xx6363 Value Date: 03/05/2023","+2315.27"
04/05/2023,"-23.95","Direct Debit 184534 World Gym Moore A00B6MHS09MU","+2325.27"
04/05/2023,"-8.50","IGA UNSW KENSINGTON AU AUS Card xx6363 Value Date: 02/05/2023","+2349.22"
04/05/2023,"-2.15","STEAM PURCHASE SEATTLE HH DEU Card xx6363 AUD 2.15 Value Date: 30/04/2023","+2357.72"
03/05/2023,"-11.25","Dominos Estore Kensing dominos.com.a AU AUS Card xx6363 Value Date: 01/05/2023","+2359.87"
03/05/2023,"-7.68","IGA UNSW KENSINGTON AU AUS Card xx6363 Value Date: 01/05/2023","+2371.12"
02/05/2023,"-10.85","IGA UNSW KENSINGTON AU AUS Card xx6363 Value Date: 28/04/2023","+2378.80"
02/05/2023,"-6.20","IGA UNSW KENSINGTON AU AUS Card xx6363 Value Date: 29/04/2023","+2389.65"
02/05/2023,"-2.50","UNSW VILLAGE PTY LTD SYDNEY AUS Card xx6363 Value Date: 29/04/2023","+2395.85"
02/05/2023,"-3.50","UNSW VILLAGE PTY LTD SYDNEY AUS Card xx6363 Value Date: 29/04/2023","+2398.35"
02/05/2023,"-4.95","IGA UNSW KENSINGTON AU AUS Card xx6363 Value Date: 30/04/2023","+2401.85"
02/05/2023,"-2.50","UNSW VILLAGE PTY LTD SYDNEY AUS Card xx6363 Value Date: 30/04/2023","+2406.80"
02/05/2023,"-3.50","UNSW VILLAGE PTY LTD SYDNEY AUS Card xx6363 Value Date: 30/04/2023","+2409.30"
29/04/2023,"-7.70","IGA UNSW KENSINGTON AU AUS Card xx6363 Value Date: 27/04/2023","+2412.80"
29/04/2023,"-41.80","KQ AND S RETAIL FOOD P KINGSFORD AUS Card xx6363 Value Date: 27/04/2023","+2420.50"
29/04/2023,"-5.00","TRANSPORTFORNSW OPAL CHIPPENDALE AUS Card xx6363 Value Date: 27/04/2023","+2462.30"
28/04/2023,"-1.00","International Transaction Fee Value Date: 26/04/2023","+2467.30"
28/04/2023,"-33.21","CHATGPT SUBSCRIPTION SAN FRANCISCO CA USA Card xx6363 USD 22.00 Value Date: 26/04/2023","+2468.30"
28/04/2023,"-3.85","IGA UNSW KENSINGTON AU AUS Card xx6363 Value Date: 26/04/2023","+2501.51"
28/04/2023,"-6.00","Subway Eastgardens Eastgardens NS AUS Card xx6363 Value Date: 25/04/2023","+2505.36"
28/04/2023,"-5.00","TRANSPORTFORNSW OPAL CHIPPENDALE AUS Card xx6363 Value Date: 26/04/2023","+2511.36"
27/04/2023,"-23.95","Direct Debit 184534 World Gym Moore A00B4P3L09US","+2516.36"
27/04/2023,"-32.55","EZI*Clublinks Manage Scoresby AU AUS Card xx6363 Value Date: 24/04/2023","+2540.31"
27/04/2023,"-1718.00","UNSW RANDWICK NS AUS Card xx6363 Value Date: 23/04/2023","+2572.86"
27/04/2023,"-6.39","CAFE2151 MOORE PARK NS AUS Card xx6363 Value Date: 22/04/2023","+4290.86"
27/04/2023,"-5.00","GUZMAN Y GOMEZ SURRY HILLS NS AUS Card xx6363 Value Date: 22/04/2023","+4297.25"
27/04/2023,"-13.20","GUZMAN Y GOMEZ SURRY HILLS NS AUS Card xx6363 Value Date: 22/04/2023","+4302.25"
27/04/2023,"-5.00","WOOLWORTHS 1770 MATRAVILLE AU AUS Card xx6363 Value Date: 25/04/2023","+4315.45"
27/04/2023,"-13.20","GUZMAN Y GOMEZ SURRY HILLS NS AUS Card xx6363 Value Date: 25/04/2023","+4320.45"
27/04/2023,"-2.50","UNSW VILLAGE PTY LTD SYDNEY AUS Card xx6363 Value Date: 25/04/2023","+4333.65"
27/04/2023,"-3.50","UNSW VILLAGE PTY LTD SYDNEY AUS Card xx6363 Value Date: 25/04/2023","+4336.15"
27/04/2023,"-5.00","TRANSPORTFORNSW OPAL CHIPPENDALE AUS Card xx6363 Value Date: 25/04/2023","+4339.65"
26/04/2023,"-52.00","Direct Debit 342190 DESRENFORDLEISUR 490904960","+4344.65"
26/04/2023,"+1230.26","Salary Hype Moore Park WAGES","+4396.65"
25/04/2023,"-6.74","IGA UNSW KENSINGTON AU AUS Card xx6363 Value Date: 21/04/2023","+3166.39"
25/04/2023,"-12.16","IGA UNSW KENSINGTON AU AUS Card xx6363 Value Date: 21/04/2023","+3173.13"
25/04/2023,"-16.00","stan.com.au Sydney AU AUS Card xx6363 Value Date: 22/04/2023","+3185.29"
25/04/2023,"-15.50","OTTOMAN TURKISH GOZL VILLAWOOD NS AUS Card xx6363 Value Date: 23/04/2023","+3201.29"
25/04/2023,"-5.00","TRANSPORTFORNSW OPAL CHIPPENDALE AUS Card xx6363 Value Date: 22/04/2023","+3216.79"
23/04/2023,"+1800.00","Fast Transfer From LEANNE CAITHNESS Josh rent","+3221.79"
22/04/2023,"+215.00","Transfer from CBA NetBank Cruise Pizzas","+1421.79"
22/04/2023,"+198.43","Transfer from CBA NetBank Pub Crawl Food","+1206.79"
21/04/2023,"+43.00","Direct Credit 507141 AlchemyTuition AlchemyTu_NkXoJ2DT","+1008.36"
21/04/2023,"-16.55","IGA UNSW KENSINGTON AU AUS Card xx6363 Value Date: 19/04/2023","+965.36"
21/04/2023,"-3.85","IGA UNSW KENSINGTON AU AUS Card xx6363 Value Date: 18/04/2023","+981.91"
20/04/2023,"-23.95","Direct Debit 184534 World Gym Moore A00B38SU09PF","+985.76"
20/04/2023,"-8.00","IGA UNSW KENSINGTON AU AUS Card xx6363 Value Date: 17/04/2023","+1009.71"
20/04/2023,"-12.70","GUZMAN Y GOMEZ SURRY HILLS NS AUS Card xx6363 Value Date: 18/04/2023","+1017.71"
20/04/2023,"-2.50","UNSW VILLAGE PTY LTD SYDNEY AUS Card xx6363 Value Date: 18/04/2023","+1030.41"
20/04/2023,"-2.50","UNSW VILLAGE PTY LTD SYDNEY AUS Card xx6363 Value Date: 18/04/2023","+1032.91"
20/04/2023,"-3.50","UNSW VILLAGE PTY LTD SYDNEY AUS Card xx6363 Value Date: 18/04/2023","+1035.41"
20/04/2023,"-3.50","UNSW VILLAGE PTY LTD SYDNEY AUS Card xx6363 Value Date: 18/04/2023","+1038.91"
20/04/2023,"-5.00","TRANSPORTFORNSW OPAL CHIPPENDALE AUS Card xx6363 Value Date: 18/04/2023","+1042.41"
19/04/2023,"+86.00","Direct Credit 507141 AlchemyTuition AlchemyTu_NjnPqq15","+1047.41"
19/04/2023,"-15.75","GEEKARNI PTY LTD WANAARING NS AUS Card xx6363 Value Date: 17/04/2023","+961.41"
19/04/2023,"-5.00","TRANSPORTFORNSW OPAL CHIPPENDALE AUS Card xx6363 Value Date: 17/04/2023","+977.16"
18/04/2023,"-73.25","COLES 0800 RANDWICK AU AUS Card xx6363 Value Date: 14/04/2023","+982.16"
18/04/2023,"-13.98","IGA UNSW KENSINGTON AU AUS Card xx6363 Value Date: 14/04/2023","+1055.41"
18/04/2023,"-15.50","OTTOMAN TURKISH GOZL VILLAWOOD NS AUS Card xx6363 Value Date: 16/04/2023","+1069.39"
18/04/2023,"-5.99","Spotify P226D2E2EB Sydney AU AUS Card xx6363 Value Date: 16/04/2023","+1084.89"
18/04/2023,"-5.00","TRANSPORTFORNSW OPAL CHIPPENDALE AUS Card xx6363 Value Date: 15/04/2023","+1090.88"
18/04/2023,"-5.00","TRANSPORTFORNSW OPAL CHIPPENDALE AUS Card xx6363 Value Date: 16/04/2023","+1095.88"
15/04/2023,"-9.00","MCDONALDS KINGSFORD KINGSFORD AUS Card xx6363 Value Date: 12/04/2023","+1100.88"
14/04/2023,"-2.50","UNSW VILLAGE PTY LTD SYDNEY AUS Card xx6363 Value Date: 12/04/2023","+1109.88"
14/04/2023,"-3.50","UNSW VILLAGE PTY LTD SYDNEY AUS Card xx6363 Value Date: 12/04/2023","+1112.38"
13/04/2023,"-99.00","Direct Debit 184534 World Gym Moore A00B1BWC09UB","+1115.88"
13/04/2023,"-23.95","Direct Debit 184534 World Gym Moore A00B1BWC09UA","+1214.88"
13/04/2023,"-52.00","EZI*Des Renford Leisu Randwick AU AUS Card xx6363 Value Date: 11/04/2023","+1238.83"
13/04/2023,"-32.55","EZI*Clublinks Manage Scoresby AU AUS Card xx6363 Value Date: 11/04/2023","+1290.83"
13/04/2023,"-38.10","Newtown Indian Diner Newtown NS AUS Card xx6363 Value Date: 11/04/2023","+1323.38"
13/04/2023,"-10.00","TRANSPORTFORNSW OPAL CHIPPENDALE AUS Card xx6363 Value Date: 11/04/2023","+1361.48"
12/04/2023,"+991.52","Salary Hype Moore Park WAGES","+1371.48"
12/04/2023,"-215.00","Dominos Estore Kensing dominos.com.a AU AUS Card xx6363 Value Date: 06/04/2023","+379.96"
12/04/2023,"-8.46","Argyle Bar Sydney NS AUS Card xx6363 Value Date: 06/04/2023","+594.96"
12/04/2023,"-8.00","MCDONALDS KINGSFORD KINGSFORD AUS Card xx6363 Value Date: 05/04/2023","+603.42"
12/04/2023,"-2.50","UNSW VILLAGE PTY LTD SYDNEY AUS Card xx6363 Value Date: 06/04/2023","+611.42"
12/04/2023,"-3.50","UNSW VILLAGE PTY LTD SYDNEY AUS Card xx6363 Value Date: 06/04/2023","+613.92"
12/04/2023,"-3.50","UNSW VILLAGE PTY LTD SYDNEY AUS Card xx6363 Value Date: 06/04/2023","+617.42"
12/04/2023,"-13.50","Dominos Estore Kensing dominos.com.a AU AUS Card xx6363 Value Date: 07/04/2023","+620.92"
12/04/2023,"-8.50","BOOST JUICE PTY LTD CLAYTON VI AUS Card xx6363 Value Date: 08/04/2023","+634.42"
12/04/2023,"-62.50","COLES 0909 PAGEWOOD AU AUS Card xx6363 Value Date: 08/04/2023","+642.92"
12/04/2023,"-19.50","KMART 1127 PAGEWOOD AU AUS Card xx6363 Value Date: 08/04/2023","+705.42"
12/04/2023,"-16.00","FOODCO GROUP PTY LIMIT MOORE PARK AUS Card xx6363 Value Date: 08/04/2023","+724.92"
12/04/2023,"-16.75","GEEKARNI PTY LTD WANAARING NS AUS Card xx6363 Value Date: 10/04/2023","+740.92"
12/04/2023,"-5.00","TRANSPORTFORNSW OPAL CHIPPENDALE AUS Card xx6363 Value Date: 11/04/2023","+757.67"
11/04/2023,"+43.00","Direct Credit 507141 AlchemyTuition AlchemyTu_Ngndv4T5","+762.67"
06/04/2023,"-32.40","GUZMAN Y GOMEZ SURRY HILLS NS AUS Card xx6363 Value Date: 04/04/2023","+719.67"
06/04/2023,"-25.00","MED*ALDIMobile CHATSWOOD AU AUS Card xx6363 Value Date: 04/04/2023","+752.07"
06/04/2023,"-5.00","TRANSPORTFORNSW OPAL CHIPPENDALE AUS Card xx6363 Value Date: 05/04/2023","+777.07"
06/04/2023,"-10.00","TRANSPORTFORNSW OPAL CHIPPENDALE AUS Card xx6363 Value Date: 05/04/2023","+782.07"
05/04/2023,"+43.00","Direct Credit 507141 AlchemyTuition AlchemyTu_NeYDZRJD","+792.07"
05/04/2023,"-8.25","Dominos Estore Kensing dominos.com.a AU AUS Card xx6363 Value Date: 03/04/2023","+749.07"
05/04/2023,"-5.00","COLES 0800 RANDWICK AU AUS Card xx6363 Value Date: 03/04/2023","+757.32"
05/04/2023,"-47.05","COLES 0800 RANDWICK AU AUS Card xx6363 Value Date: 03/04/2023","+762.32"
05/04/2023,"-6.12","CAFE2151 MOORE PARK NS AUS Card xx6363 Value Date: 01/04/2023","+809.37"
05/04/2023,"-9.00","McDonalds 950017 KINGSFORD AU AUS Card xx6363 Value Date: 03/04/2023","+815.49"
04/04/2023,"-8.00","Dominos Estore Kensing dominos.com.a AU AUS Card xx6363 Value Date: 31/03/2023","+824.49"
04/04/2023,"-7.98","IGA UNSW KENSINGTON AU AUS Card xx6363 Value Date: 31/03/2023","+832.49"
04/04/2023,"-5.25","QUALITYVEND PTY LTD Seven Hills AU AUS Card xx6363 Value Date: 30/03/2023","+840.47"
04/04/2023,"-1.00","MCDONALDS THE STRAND SYDNEY AUS Card xx6363 Value Date: 30/03/2023","+845.72"
04/04/2023,"-6.49","EZYMART SYDNEY AUS Card xx6363 Value Date: 30/03/2023","+846.72"
04/04/2023,"-5.05","TRANSPORTFORNSW TAP SYDNEY AUS Card xx6363 Value Date: 31/03/2023","+853.21"
04/04/2023,"-8.00","Jamaica Blue EQ Moore Park NS AUS Card xx6363 Value Date: 01/04/2023","+858.26"
04/04/2023,"-2.50","UNSW VILLAGE PTY LTD SYDNEY AUS Card xx6363 Value Date: 01/04/2023","+866.26"
04/04/2023,"-3.50","UNSW VILLAGE PTY LTD SYDNEY AUS Card xx6363 Value Date: 01/04/2023","+868.76"
04/04/2023,"-3.95","IGA UNSW KENSINGTON AU AUS Card xx6363 Value Date: 02/04/2023","+872.26"
04/04/2023,"-9.00","McDonalds 950017 KINGSFORD AU AUS Card xx6363 Value Date: 02/04/2023","+876.21"
01/04/2023,"-85.00","Transfer To UNSW HALL SOCIETY CommBank App Josh Caithness cruise ti...","+885.21"
01/04/2023,"-23.10","MOSHTIX PTY LTD SYDNEY NS AUS Card xx6363 Value Date: 30/03/2023","+970.21"
01/04/2023,"-25.65","Ivy Level 1 Sydney NS AUS Card xx6363 Value Date: 30/03/2023","+993.31"
01/04/2023,"-24.70","Ivy Level 2 - Lawn Sydney NS AUS Card xx6363 Value Date: 31/03/2023","+1018.96"
01/04/2023,"-13.20","Ivy Level 2 - Lawn Sydney NS AUS Card xx6363 Value Date: 31/03/2023","+1043.66"
01/04/2023,"-25.55","Ivy Level 2 - Lawn Sydney NS AUS Card xx6363 Value Date: 30/03/2023","+1056.86"
01/04/2023,"-25.65","Ivy Level 1 Sydney NS AUS Card xx6363 Value Date: 31/03/2023","+1082.41"
01/04/2023,"-4.00","MCDONALDS KINGSFORD KINGSFORD AUS Card xx6363 Value Date: 30/03/2023","+1108.06"
01/04/2023,"-4.00","MCDONALDS KINGSFORD KINGSFORD AUS Card xx6363 Value Date: 30/03/2023","+1112.06"
01/04/2023,"-2.50","UNSW VILLAGE PTY LTD SYDNEY AUS Card xx6363 Value Date: 30/03/2023","+1116.06"
01/04/2023,"-3.50","UNSW VILLAGE PTY LTD SYDNEY AUS Card xx6363 Value Date: 30/03/2023","+1118.56"
31/03/2023,"+43.00","Direct Credit 507141 AlchemyTuition AlchemyTu_NcfAcSFe","+1122.06"
31/03/2023,"-1.00","IGA UNSW KENSINGTON AU AUS Card xx6363 Value Date: 29/03/2023","+1079.06"
31/03/2023,"-5.00","Dominos Estore Kensing dominos.com.a AU AUS Card xx6363 Value Date: 29/03/2023","+1080.06"
31/03/2023,"-6.00","MCDONALDS KINGSFORD KINGSFORD AUS Card xx6363 Value Date: 28/03/2023","+1085.06"
31/03/2023,"-4.75","MCDONALDS KINGSFORD KINGSFORD AUS Card xx6363 Value Date: 28/03/2023","+1091.06"
31/03/2023,"-1.00","MCDONALDS KINGSFORD KINGSFORD AUS Card xx6363 Value Date: 28/03/2023","+1095.81"
31/03/2023,"-1.00","MCDONALDS KINGSFORD KINGSFORD AUS Card xx6363 Value Date: 28/03/2023","+1096.81"
31/03/2023,"-2.00","AMPOL COOGEE 22399F COOGEE AUS Card xx6363 Value Date: 29/03/2023","+1097.81"
31/03/2023,"-10.00","TRANSPORTFORNSW OPAL CHIPPENDALE AUS Card xx6363 Value Date: 29/03/2023","+1099.81"
30/03/2023,"-32.55","EZI*Clublinks Manage Scoresby AU AUS Card xx6363 Value Date: 27/03/2023","+1109.81"
30/03/2023,"-3.30","Subway Eastgardens Eastgardens NS AUS Card xx6363 Value Date: 27/03/2023","+1142.36"
29/03/2023,"-595.00","STRIKE AUSTRALIA PTY L ABBOTSFORD VI AUS Card xx6363 Value Date: 27/03/2023","+1145.66"
29/03/2023,"-5.00","MCDONALDS KINGSFORD KINGSFORD AUS Card xx6363 Value Date: 27/03/2023","+1740.66"
29/03/2023,"-2.00","AMPOL COOGEE 22399F COOGEE AUS Card xx6363 Value Date: 27/03/2023","+1745.66"
28/03/2023,"+476.81","Salary Hype Moore Park WAGES","+1747.66"
28/03/2023,"+43.00","Direct Credit 507141 AlchemyTuition AlchemyTu_NbXSN8wv","+1270.85"
28/03/2023,"-17.22","RIVARENO DARLINGHURST Darlinghurst NS AUS Card xx6363 Value Date: 25/03/2023","+1227.85"
28/03/2023,"-4.00","SP HYPER KARTING BELLEVUE HILL NS AUS Card xx6363 Value Date: 25/03/2023","+1245.07"
28/03/2023,"-2.24","TRANSPORTFORNSW TAP SYDNEY AUS Card xx6363 Value Date: 25/03/2023","+1249.07"
28/03/2023,"-3.95","IGA UNSW KENSINGTON AU AUS Card xx6363 Value Date: 26/03/2023","+1251.31"
28/03/2023,"-2.25","SP HYPER KARTING BELLEVUE HILL NS AUS Card xx6363 Value Date: 26/03/2023","+1255.26"
28/03/2023,"-2.50","UNSW VILLAGE PTY LTD SYDNEY AUS Card xx6363 Value Date: 26/03/2023","+1257.51"
28/03/2023,"-3.50","UNSW VILLAGE PTY LTD SYDNEY AUS Card xx6363 Value Date: 26/03/2023","+1260.01"
28/03/2023,"-4.25","ROMEOS IGA OXFORD SQPS DARLINGHURST AUS Card xx6363 Value Date: 25/03/2023","+1263.51"
28/03/2023,"-5.00","TRANSPORTFORNSW OPAL CHIPPENDALE AUS Card xx6363 Value Date: 27/03/2023","+1267.76"
27/03/2023,"+300.00","Fast Transfer From LEANNE CAITHNESS Josh uni things","+1272.76"
27/03/2023,"+500.00","Fast Transfer From LEANNE CAITHNESS Josh uni stuff","+972.76"
27/03/2023,"+100.00","Transfer from xx8795 CommBank app","+472.76"
25/03/2023,"-1718.00","UNSW RANDWICK NS AUS Card xx6363 Value Date: 23/03/2023","+372.76"
25/03/2023,"-9.10","BOOST JUICE PTY LTD CLAYTON VI AUS Card xx6363 Value Date: 23/03/2023","+2090.76"
25/03/2023,"-36.36","MCDONALDS KINGSFORD KINGSFORD AUS Card xx6363 Value Date: 22/03/2023","+2099.86"
24/03/2023,"+5.00","Fast Transfer From YENA LEE maccas","+2136.22"
24/03/2023,"-16.00","stan.com.au Sydney AU AUS Card xx6363 Value Date: 22/03/2023","+2131.22"
24/03/2023,"-22.03","IGA UNSW KENSINGTON AU AUS Card xx6363 Value Date: 21/03/2023","+2147.22"
24/03/2023,"-3.00","AMPOL COOGEE 22399F COOGEE AUS Card xx6363 Value Date: 22/03/2023","+2169.25"
23/03/2023,"+43.00","Direct Credit 507141 AlchemyTuition AlchemyTu_NZfMMLSj","+2172.25"
23/03/2023,"+182.38","Salary Hype Moore Park WAGES","+2129.25"
23/03/2023,"+96.89","Transfer from xx8795 CommBank app","+1946.87"
23/03/2023,"-4.95","1301_George_Street_KFC Sydney AU AUS Card xx6363 Value Date: 21/03/2023","+1849.98"
23/03/2023,"-5.90","MCDONALDS KINGSFORD KINGSFORD AUS Card xx6363 Value Date: 20/03/2023","+1854.93"
23/03/2023,"-10.00","TRANSPORTFORNSW OPAL CHIPPENDALE AUS Card xx6363 Value Date: 22/03/2023","+1860.83"
22/03/2023,"+35.00","Fast Transfer From MARCUS NG jew","+1870.83"
22/03/2023,"+5.00","Fast Transfer From SURYEON HWANG Maccas","+1835.83"
22/03/2023,"-2.75","IGA UNSW KENSINGTON AU AUS Card xx6363 Value Date: 20/03/2023","+1830.83"
22/03/2023,"-2.75","IGA UNSW KENSINGTON AU AUS Card xx6363 Value Date: 20/03/2023","+1833.58"
22/03/2023,"-150.75","GYMSHARK SOLIHULL GB GBR Card xx6363 AUD 150.75 Value Date: 19/03/2023","+1836.33"
22/03/2023,"-30.25","MCDONALDS KINGSFORD KINGSFORD AUS Card xx6363 Value Date: 19/03/2023","+1987.08"
22/03/2023,"-5.90","MCDONALDS KINGSFORD KINGSFORD AUS Card xx6363 Value Date: 18/03/2023","+2017.33"
22/03/2023,"-1.00","MCDONALDS KINGSFORD KINGSFORD AUS Card xx6363 Value Date: 18/03/2023","+2023.23"
22/03/2023,"-3.00","AMPOL COOGEE 22399F COOGEE AUS Card xx6363 Value Date: 20/03/2023","+2024.23"
22/03/2023,"-5.00","TRANSPORTFORNSW OPAL CHIPPENDALE AUS Card xx6363 Value Date: 21/03/2023","+2027.23"
21/03/2023,"+600.00","Transfer from xx8795 CommBank app Rent","+2032.23"
21/03/2023,"-10.86","IGA UNSW KENSINGTON AU AUS Card xx6363 Value Date: 16/03/2023","+1432.23"
21/03/2023,"-14.00","CHATIME KINGSFORD KINGSFORD NS AUS Card xx6363 Value Date: 17/03/2023","+1443.09"
21/03/2023,"-3.99","IGA UNSW KENSINGTON AU AUS Card xx6363 Value Date: 18/03/2023","+1457.09"
21/03/2023,"-22.20","The Beresford Surry Hills NS AUS Card xx6363 Value Date: 18/03/2023","+1461.08"
21/03/2023,"-24.45","The Beresford Surry Hills NS AUS Card xx6363 Value Date: 18/03/2023","+1483.28"
21/03/2023,"-17.80","The Beresford Surry Hills NS AUS Card xx6363 Value Date: 18/03/2023","+1507.73"
21/03/2023,"-10.10","The Beresford Surry Hills NS AUS Card xx6363 Value Date: 18/03/2023","+1525.53"
21/03/2023,"-18.41","The Soda Factory Surry Hills NS AUS Card xx6363 Value Date: 18/03/2023","+1535.63"
21/03/2023,"-10.23","The Soda Factory Surry Hills NS AUS Card xx6363 Value Date: 18/03/2023","+1554.04"
21/03/2023,"-10.23","The Soda Factory Surry Hills NS AUS Card xx6363 Value Date: 18/03/2023","+1564.27"
21/03/2023,"-198.43","The Soda Factory Surry Hills NS AUS Card xx6363 Value Date: 18/03/2023","+1574.50"
21/03/2023,"-10.23","The Soda Factory Surry Hills NS AUS Card xx6363 Value Date: 18/03/2023","+1772.93"
21/03/2023,"-3.99","IGA UNSW KENSINGTON AU AUS Card xx6363 Value Date: 19/03/2023","+1783.16"
21/03/2023,"-26.80","ZAMBRERO - OXFORD ST DARLINGHURST NS AUS Card xx6363 Value Date: 19/03/2023","+1787.15"
21/03/2023,"-5.50","EZYMART 113 OXFORD S DARLINGHURST NS AUS Card xx6363 Value Date: 19/03/2023","+1813.95"
21/03/2023,"-2.50","UNSW VILLAGE PTY LTD SYDNEY AUS Card xx6363 Value Date: 19/03/2023","+1819.45"
21/03/2023,"-3.50","UNSW VILLAGE PTY LTD SYDNEY AUS Card xx6363 Value Date: 19/03/2023","+1821.95"
21/03/2023,"-42.80","KQ AND S RETAIL FOOD P KINGSFORD AUS Card xx6363 Value Date: 19/03/2023","+1825.45"
21/03/2023,"-5.00","TRANSPORTFORNSW OPAL CHIPPENDALE AUS Card xx6363 Value Date: 18/03/2023","+1868.25"
20/03/2023,"+43.00","Direct Credit 158824 AlchemyTuitio AlchemyTuitio-qMJr","+1873.25"
19/03/2023,"-85.00","Transfer To UNSW HALL SOCIETY CommBank App James Natukokona Cruise ...","+1830.25"
18/03/2023,"-5.99","Spotify P21C3D8569 Sydney AU AUS Card xx6363 Value Date: 16/03/2023","+1915.25"
18/03/2023,"-60.31","Australian Sports Nutr 0755720346 QL AUS Card xx6363 Value Date: 15/03/2023","+1921.24"
18/03/2023,"-13.21","SMP*Mr Kunefe Cafe Newtown AU AUS Card xx6363 Value Date: 16/03/2023","+1981.55"
18/03/2023,"-5.00","TRANSPORTFORNSW OPAL CHIPPENDALE AUS Card xx6363 Value Date: 16/03/2023","+1994.76"
17/03/2023,"-61.50","Transfer To Emily CommBank App Protein bars","+1999.76"
17/03/2023,"-2.50","UNSW VILLAGE PTY LTD SYDNEY AUS Card xx6363 Value Date: 15/03/2023","+2061.26"
17/03/2023,"-3.50","UNSW VILLAGE PTY LTD SYDNEY AUS Card xx6363 Value Date: 15/03/2023","+2063.76"
17/03/2023,"-3.50","UNSW VILLAGE PTY LTD SYDNEY AUS Card xx6363 Value Date: 15/03/2023","+2067.26"
17/03/2023,"-27.80","KQ AND S RETAIL FOOD P KINGSFORD AUS Card xx6363 Value Date: 15/03/2023","+2070.76"
17/03/2023,"-2.24","TRANSPORTFORNSW TAP SYDNEY AUS Card xx6363 Value Date: 14/03/2023","+2098.56"
16/03/2023,"-32.55","EZI*Clublinks Manage Scoresby AU AUS Card xx6363 Value Date: 13/03/2023","+2100.80"
